Country,Indices,Last,High,Low,Chg.,Chg%,Date/Time
Argentina,S&P Merval,"1,229,629.88","1,248,385.88","1,224,206.13",-14893.83,-1.20%,11:12:00
Argentina,S&P/BYMA Argentina General,"52,585,376","53,323,636","52,414,512",-610328,-1.15%,11:12:00
Australia,S&P/ASX 200,"7,752.50","7,788.90","7,735.20",-35.60,-0.46%,02:04:59
Australia,ASX All Ordinaries,"8,009.40","8,050.60","7,991.20",-40.80,-0.51%,02:04:59
Australia,ASX Small Ordinaries,"3,053.40","3,084.60","3,042.10",-31.20,-1.01%,02:04:59
Australia,S&P/ASX 100,"6,504.30","6,532.80","6,489.60",-26.80,-0.41%,02:04:59
Australia,S&P/ASX 20,"4,350.60","4,361.20","4,338.10",-7.00,-0.16%,02:04:59
Australia,S&P/ASX 300,"7,705.40","7,743.10","7,688.20",-37.00,-0.48%,02:04:59
Australia,S&P/ASX 50,"7,608.40","7,636.50","7,590.70",-24.70,-0.32%,02:04:59
Australia,S&P/ASX All Australian 200,"7,770.80","7,806.80","7,753.30",-34.90,-0.45%,02:04:59
Australia,S&P/ASX All Australian 50,"7,675.50","7,703.80","7,657.30",-24.90,-0.32%,02:04:59
Australia,S&P/ASX Midcap 50,"9,530.60","9,623.90","9,506.60",-93.30,-0.97%,02:04:59
Austria,ATX,"3,536.89","3,572.46","3,536.04",-17.93,-0.50%,11:28:00
Austria,ATX 5,"1,646.53","1,667.75","1,646.37",-11.63,-0.70%,11:28:00
Austria,ATX Prime,"1,773.66","1,789.99","1,773.24",-8.18,-0.46%,11:28:00
Austria,FTSE Austria,363.35,363.35,363.35,+1.74,+0.48%,12/04
Austria,Immobilien ATX EUR,350.20,350.65,344.35,+2.57,+0.74%,11:28:00
Austria,New Europe Blue Chip EUR,"1,376.59","1,387.70","1,375.94",-3.35,-0.24%,11:28:00
Bahrain,Bahrain All Share,"2,040.42","2,041.12","2,022.31",+18.11,+0.90%,09/04
Bangladesh,DSE 30,"2,032.37","2,032.37","2,032.37",-1.03,-0.05%,09/04
Bangladesh,DSE Broad,"5,864.09","5,864.09","5,864.09",+3.86,+0.07%,09/04
Belgium,BEL 20,"3,852.20","3,879.80","3,846.10",+2.80,+0.07%,11:30:00
Belgium,BEL 20 GR,"12,131.48","12,131.48","12,131.48",+41.56,+0.34%,12/04
Belgium,BEL 20 Net Return,"8,989.49","8,989.49","8,989.49",+30.79,+0.34%,12/04
Belgium,BEL Mid,"6,968.23","7,044.78","6,968.23",-6.41,-0.09%,12/04
Belgium,BEL Small,"9,295.30","9,368.76","9,281.35",+21.62,+0.23%,12/04
Bosnia-Herzegovina,BIRS,917.46,917.46,917.46,+0.00,+0.00%,02:16:00
Botswana,BSE Domestic Company,"9,087.92","9,087.92","9,087.92",-3.03,-0.03%,12/04
Botswana,BSE Foreign Company,"2,475.15","2,475.15","2,475.15",0.00,0.00%,12/04
Brazil,Bovespa,"126,123","126,250","125,641",+177,+0.14%,11:28:30
Brazil,Brazil 50,"21,103.95","21,123.02","21,006.45",+53.85,+0.26%,11:28:30
Brazil,Tag Along,"28,128.65","28,215.15","28,065.48",-4.73,-0.02%,11:17:00
Brazil,Brazil broad-Based,"4,972.71","4,987.33","4,964.25",-4.39,-0.09%,11:17:00
Brazil,Brazil Index,"53,250.96","53,310.21","53,039.63",+85.87,+0.16%,11:28:30
Brazil,Mid-Large Cap Index,"2,527.08","2,533.45","2,519.99",+1.60,+0.06%,11:17:00
Brazil,S&P/B3 Ibovespa VIX,17.20,17.65,16.50,+0.21,+1.24%,11:17:15
Brazil,Small Cap Index,"2,118.20","2,139.81","2,111.66",-21.60,-1.01%,11:28:30
Bulgaria,BSE SOFIX,809.86,812.78,808.46,-1.97,-0.24%,12/04
Bulgaria,BGBX40,165.10,165.74,164.88,-0.45,-0.27%,12/04
Bulgaria,BGTR30,816.41,819.97,816.41,-3.19,-0.39%,12/04
Canada,S&P/TSX,"21,864.08","22,025.04","21,822.05",-35.91,-0.16%,11:43:31
Canada,S&P/TSX 60,"1,309.89","1,319.57","1,307.44",-1.71,-0.13%,11:43:31
Canada,S&P/TSX Smallcap,757.59,766.77,755.75,-5.57,-0.73%,11:43:17
Canada,S&P/TSX Completion,"1,319.38","1,329.51","1,316.05",-4.01,-0.30%,11:43:17
Canada,S&P/TSX Venture,583.36,590.99,582.77,-4.35,-0.74%,11:43:31
Chile,S&P CLX IPSA,"6,515.83","6,611.67","6,505.62",-48.25,-0.74%,11:43:24
Chile,S&P CLX IGPA,"33,022.38","33,480.84","32,978.81",-237.40,-0.71%,11:43:24
China,CSI 1000,"5,287.51","5,364.59","5,205.71",-51.26,-0.96%,03:59:57
China,Shanghai,"3,057.38","3,066.94","2,995.54",+37.90,+1.26%,03:59:33
China,SZSE Component,"9,369.70","9,407.07","9,189.96",+141.47,+1.53%,03:44:33
China,China A50,"12,212.75","12,224.00","11,894.02",+296.68,+2.49%,03:00:00
China,S&P/CITIC300,"3,168.02","3,203.66","3,162.58",-24.19,-0.76%,12/04
China,S&P/CITIC50,"3,159.28","3,198.17","3,153.28",-28.60,-0.90%,12/04
China,Shanghai SE A Share,"3,205.24","3,215.29","3,140.37",+39.76,+1.26%,03:59:33
China,SSE 100,"5,242.10","5,270.27","5,138.03",+70.53,+1.36%,03:59:45
Colombia,COLCAP,"1,385.85","1,393.89","1,385.81",-4.89,-0.35%,11:43:30
Colombia,COLEQTY,"1,007.81","1,021.40","1,007.17",0.00,0.00%,12/04
Colombia,FTSE Colombia,"3,882.04","3,882.04","3,882.04",0.00,0.00%,12/04
Costa Rica,Costa Rica Indice Accionario,"11,893.08","11,893.08","11,893.08",0.00,0.00%,01/02
Cote D'Ivoire,BRVM 10,182.96,182.96,182.96,+1.31,+0.72%,12/04
Cote D'Ivoire,BRVM Composite,218.34,218.79,215.97,-0.45,-0.21%,12/04
Croatia,CROBEX,"2,831.55","2,836.69","2,823.35",+1.66,+0.06%,10:00:00
Croatia,CROBEX10,"1,704.04","1,708.14","1,698.13",-4.15,-0.24%,10:00:00
Cyprus,Cyprus Main Market,114.58,114.80,113.72,-0.22,-0.19%,12/04
Cyprus,Cyprus Alternative Market,"1,172.38","1,186.05","1,170.48",-10.44,-0.88%,12/04
Cyprus,Cyprus Main and Parallel Market,145.50,145.97,144.87,-0.46,-0.32%,12/04
Czech Republic,PX,"1,558.96","1,562.81","1,547.79",+12.07,+0.78%,12/04
Czech Republic,FTSE Czech Republic,"1,624.18","1,624.18","1,624.18",+0.00,+0.00%,12/04
Czech Republic,OETOB Czech Traded (CZK),"1,818.31","1,823.28","1,814.62",-2.71,-0.15%,10:22:35
Czech Republic,OETOB Czech Traded (EUR),"1,951.79","1,959.45","1,949.83",-1.57,-0.08%,10:24:00
Czech Republic,OETOB Czech Traded (USD),"2,074.28","2,088.35","2,073.01",-2.24,-0.11%,10:24:00
Czech Republic,PX-GLOB,"2,018.84","2,018.84","2,018.84",+20.89,+1.05%,12/04
Denmark,OMXC20,"2,648.05","2,668.66","2,641.14",+1.49,+0.06%,10:59:59
Denmark,OMXC25,"1,911.22","1,921.99","1,908.53",+5.28,+0.28%,11:00:00
Denmark,OMX Copenhagen All shares,"3,467.91","3,491.05","3,461.94",+2.34,+0.07%,11:00:34
Denmark,OMX Copenhagen Benchmark,"4,263.55","4,294.72","4,254.77",+3.35,+0.08%,11:00:34
Denmark,OMX Copenhagen Mid Cap,888.51,895.51,888.51,-0.06,-0.01%,11:00:34
Denmark,OMX Copenhagen Small Cap,523.94,528.24,523.08,-1.67,-0.32%,11:00:34
Ecuador,Guayaquil Select,147.45,147.45,147.45,+0.00,+0.00%,11/04
Ecuador,Ecuador General Adj,"1,142.39","1,142.39","1,142.39",0.00,0.00%,11/04
Egypt,EGX 30,"29,616.47","29,664.30","28,130.53",+1112.72,+3.90%,08:16:59
Egypt,EGX 70,"6,696.15","6,696.15","6,465.12",+154.63,+2.36%,08:16:59
Egypt,S&P/ESG Egypt,684.76,684.76,684.76,-1.79,-0.26%,08/04
Egypt,EGX 30 Capped,"36,367.17","36,367.17","34,401.59",+1422.06,+4.07%,08:16:59
Estonia,Tallinn SE General,"1,791.02","1,799.62","1,784.28",+9.21,+0.52%,12/04
Finland,OMX Helsinki 25,"4,425.86","4,486.58","4,422.72",-25.42,-0.57%,11:29:59
Finland,OMX Helsinki 25 Growth,"6,758.58","6,851.21","6,753.79",-31.50,-0.46%,11:29:59
Finland,OMX Helsinki,"9,837.99","9,966.82","9,836.85",-65.22,-0.66%,11:29:34
Finland,OMX Helsinki Benchmark,52.23,52.93,52.22,-0.30,-0.57%,11:29:34
Finland,OMX Helsinki Cap PI,"7,249.89","7,339.75","7,249.17",-44.25,-0.61%,11:29:34
Finland,OMX Helsinki Mid Cap,394.82,397.47,394.72,-1.19,-0.30%,11:29:34
Finland,OMX Helsinki Small Cap PI,471.12,473.38,469.09,-0.55,-0.12%,11:29:34
France,CAC 40,"8,045.11","8,126.38","8,028.84",+34.28,+0.43%,11:35:45
France,CAC All Shares,"9,601.04","9,745.02","9,567.52",-37.21,-0.39%,12/04
France,CAC All-Tradable,"5,928.36","6,008.95","5,907.37",-11.14,-0.19%,12/04
France,CAC Large 60,"8,603.65","8,719.21","8,571.71",-15.12,-0.18%,12/04
France,CAC Mid & Small,"14,267.59","14,499.18","14,256.06",-54.35,-0.38%,12/04
France,CAC Mid 60,"14,640.46","14,883.44","14,628.06",-50.16,-0.34%,12/04
France,CAC Next 20,"11,101.32","11,271.69","11,074.40",-53.23,-0.48%,12/04
France,CAC Small,"11,739.13","11,902.07","11,729.78",-87.55,-0.74%,12/04
France,EuroNext 100,"1,521.43","1,537.75","1,516.62",+3.34,+0.22%,12/04
France,Next 150,"3,360.40","3,400.88","3,355.19",+0.32,+0.01%,12/04
France,SBF 120,"6,059.85","6,142.22","6,038.28",-11.19,-0.18%,12/04
Germany,DAX,"18,009.50","18,195.15","17,972.05",+105.35,+0.59%,11:43:36
Euro Zone,Euro Stoxx 50,"4,983.65","5,035.45","4,972.05",+28.64,+0.58%,11:35:00
Germany,Classic All Share,"9,170.15","9,293.97","9,167.57",-54.59,-0.59%,11:28:00
Germany,Midcap,"26,431.89","26,831.75","26,410.89",-145.71,-0.55%,11:28:36
Germany,Technology All Share,"3,939.43","3,981.78","3,927.57",-10.08,-0.26%,11:28:00
Germany,HDAX,"9,602.73","9,709.62","9,593.45",+26.34,+0.28%,11:28:00
Germany,Prime All Share,"7,093.02","7,171.03","7,076.21",+16.81,+0.24%,11:28:00
Germany,SDAX,"14,258.98","14,404.83","14,239.97",-89.49,-0.62%,11:28:00
Germany,TecDAX,"3,331.54","3,368.44","3,320.36",+5.28,+0.16%,11:28:36
Greece,Athens General Composite,"1,390.69","1,397.33","1,375.44",-9.92,-0.71%,10:19:31
Greece,FTSE/Athex 20,"3,372.55","3,390.31","3,334.05",-23.19,-0.68%,10:19:31
Hong Kong,FTSE China 50,"11,144.86","11,174.42","11,023.41",-51.95,-0.46%,01:00:00
Hong Kong,Hang Seng,"16,600.46","16,647.09","16,465.40",-121.23,-0.72%,04:08:28
Hong Kong,FTSE EPRA/NAREIT Hong Kong,"1,003.24","1,011.91",999.94,-10.89,-1.07%,04:14:00
Hong Kong,Hang Seng CCI,"3,461.20","3,478.23","3,426.57",-0.37,-0.01%,01:00:00
Hong Kong,Hang Seng CEI,"5,856.44","5,871.42","5,795.02",-23.14,-0.39%,04:08:28
Hungary,Budapest SE,"67,289.07","67,866.83","67,155.52",+84.00,+0.12%,12/04
Hungary,BUMIX,"6,069.80","6,093.89","6,043.77",-2.24,-0.04%,12/04
Hungary,FTSE Hungary,"5,557.32","5,557.32","5,557.32",+0.00,+0.00%,12/04
Hungary,HTX (EUR),"5,509.74","5,599.49","5,498.28",-63.25,-1.13%,12/04
Hungary,HTX (HUF),"14,062.98","14,187.62","14,029.28",-32.73,-0.23%,12/04
Hungary,HTX (USD),"5,857.13","5,980.39","5,845.87",-109.03,-1.83%,12/04
Iceland,ICEX Main,"2,083.83","2,083.83","2,063.07",+20.76,+1.01%,11:30:34
Iceland,ICEX All Share Total Return,"1,220.05","1,220.05","1,207.89",+12.16,+1.01%,11:30:34
Iceland,OMX Iceland Mid Cap PI,114.43,114.56,114.09,+0.33,+0.29%,11:23:34
Iceland,OMX Iceland Small Cap PI,371.53,371.84,369.72,-0.31,-0.08%,11:21:34
Iceland,OMXI15 ISK Index,"2,360.20","2,363.21","2,349.98",+10.22,+0.43%,11:30:34
India,BSE Sensex,"73,399.78","73,905.80","73,315.16",-845.12,-1.14%,06:01:57
India,Nifty 50,"22,272.50","22,427.45","22,259.55",-246.90,-1.10%,06:02:23
India,Nifty Midcap 150,"18,283.20","18,392.95","18,062.40",-251.50,-1.36%,06:02:23
India,India VIX,12.4675,12.7375,11.3075,+0.9350,+8.11%,06:03:13
India,Nifty 100,"22,967.10","23,139.30","22,908.60",-287.80,-1.24%,06:02:23
India,Nifty 200,"12,397.40","12,489.90","12,352.10",-161.90,-1.29%,06:02:23
India,Nifty 50 USD,"9,353.41","9,353.41","9,353.41",-123.35,-1.30%,12/04
India,Nifty 50 Value 20,"12,204.90","12,291.90","12,197.35",-125.65,-1.02%,06:02:23
India,Nifty 500,"20,478.75","20,623.80","20,362.30",-266.75,-1.29%,06:02:23
India,NIFTY Midcap 100,"49,281.00","49,644.75","48,785.85",-786.55,-1.57%,06:02:23
India,Nifty Midcap 50,"13,841.30","13,935.45","13,752.65",-207.80,-1.48%,06:02:23
India,Nifty Next 50,"62,008.15","62,716.65","61,330.00",-1059.70,-1.68%,06:02:23
India,NIFTY Smallcap 100,"16,211.00","16,363.30","15,911.85",-285.40,-1.73%,06:02:23
India,Nifty Smallcap 250,"15,086.65","15,201.75","14,792.10",-235.50,-1.54%,06:02:23
India,NIfty smallcap 50,"7,543.00","7,610.75","7,411.55",-106.75,-1.40%,06:02:23
India,S&P BSE ALLCAP,"9,420.72","9,486.00","9,330.79",-123.65,-1.30%,06:01:56
India,BSE MidCap,"40,293.72","40,602.01","39,499.64",-615.31,-1.50%,06:01:56
India,BSE SmallCap,"45,166.87","45,487.40","44,272.65",-705.20,-1.54%,06:01:56
India,S&P BSE-100,"23,334.16","23,496.87","23,214.96",-277.05,-1.17%,06:01:57
India,S&P BSE-200,"10,150.36","10,222.78","10,073.13",-125.36,-1.22%,06:01:56
India,S&P BSE-500,"32,365.11","32,588.12","32,074.46",-407.15,-1.24%,06:01:56
Indonesia,IDX Composite,"7,286.88","7,298.86","7,239.27",+32.48,+0.45%,05/04
Indonesia,FTSE Indonesia,"3,705.59","3,705.59","3,705.59",-13.33,-0.36%,12/04
Indonesia,IDX Kompas 100,"1,175.24","1,181.67","1,173.98",-2.92,-0.25%,05/04
Indonesia,IDX PEFINDO-25,223.05,225.33,223.05,-1.68,-0.75%,05/04
Indonesia,IDX LQ45,963.73,970.61,963.49,-4.04,-0.42%,05/04
Iraq,ISX Main 60,919.40,919.40,919.40,+7.89,+0.87%,06:55:00
Ireland,ISEQ Overall,"9,891.51","10,097.77","9,842.94",-92.16,-0.92%,12/04
Ireland,FTSE Ireland,443.26,443.26,443.26,0.00,0.00%,12/04
Ireland,ISEQ 20 Price,"1,642.94","1,674.95","1,635.94",-13.96,-0.84%,12/04
Ireland,ISEQ Small Capital,977.81,985.13,977.81,0.00,0.00%,12/04
Israel,TA 35,"1,914.43","1,968.33","1,911.98",-23.75,-1.23%,10:24:59
Israel,TA 125,"1,938.67","1,989.87","1,934.94",-20.37,-1.04%,10:35:59
Israel,TA 90,"2,083.48","2,127.43","2,072.08",-8.86,-0.42%,10:35:59
Israel,TA Allshare,"1,792.84","1,827.75","1,786.72",-4.22,-0.23%,10:35:59
Israel,TA Growth,"1,568.87","1,579.90","1,560.46",+10.98,+0.70%,10:35:59
Israel,TA-SME60,694.72,708.42,691.19,+0.07,+0.01%,10:35:59
Israel,TASE VIX VTA35,24.75,25.51,18.97,+0.70,+2.91%,10:35:59
Italy,FTSE Italia All Share,"36,089.50","36,453.09","36,049.04",+168.09,+0.47%,11:28:30
Italy,FTSE IT Mid Cap,"46,964.25","47,301.67","46,901.51",+119.03,+0.25%,11:28:30
Italy,FTSE IT Small Cap,"28,068.25","28,276.58","28,051.89",-21.07,-0.08%,11:28:30
Italy,FTSE MIB TR EUR,"81,810.04","81,810.04","81,810.04",+121.66,+0.15%,12/04
Italy,Italy 40,"3,260.1","3,292.6","3,253.2",+17.7,+0.55%,11:34:59
Jamaica,JSE Market,"326,755","326,755","326,755",0,0.00%,12/04
Jamaica,JSE All Jamaican Composite,"366,501","366,501","366,501",0,0.00%,12/04
Japan,Nikkei 225,"39,209.50","39,214.50","38,816.50",-357.50,-0.90%,01:59:59
Japan,JPX-Nikkei 400,"24,907.51","24,907.51","24,620.84",-85.12,-0.34%,02:00:00
Japan,Nikkei 300,590.91,592.92,589.16,+2.27,+0.39%,12/04
Japan,Nikkei 500,"3,364.54","3,379.97","3,360.45",+14.06,+0.42%,12/04
Japan,Nikkei Volatility,19.97,20.37,19.92,-0.76,-3.67%,12/04
Japan,TOPIX,"2,753.20","2,753.20","2,719.47",-6.44,-0.23%,02:00:01
Japan,Topix 100,"1,890.20","1,890.20","1,867.02",-6.78,-0.36%,02:00:00
Japan,Topix 1000,"2,606.16","2,606.16","2,573.92",-6.19,-0.24%,02:00:01
Japan,Topix 500,"2,154.16","2,154.16","2,127.18",-5.50,-0.25%,02:00:01
Jordan,Amman SE General,"2,455.33","2,462.65","2,444.77",+6.08,+0.25%,07:45:00
Jordan,Amman SE AllShare,"4,560.92","4,560.92","4,560.92",+30.19,+0.67%,07:30:00
Kazakhstan,KASE,"4,971.85","4,986.46","4,933.08",-15.33,-0.31%,08:31:00
Kenya,Kenya NSE 20,"1,724.86","1,724.86","1,724.86",-16.26,-0.93%,12/04
Kenya,Nairobi All Share,110.63,110.63,110.63,+0.44,+0.40%,12/04
Kuwait,Main Market 50,"5,823.51","5,853.26","5,769.67",-61.98,-1.05%,14/04
Kuwait,Premier Market PR,"7,780.41","7,811.66","7,762.67",-79.02,-1.01%,14/04
Kuwait,All Share PR,"7,116.98","7,141.89","7,102.40",-70.15,-0.98%,14/04
Kuwait,Main Market PR,"5,910.87","5,933.06","5,872.50",-49.43,-0.83%,14/04
Latvia,Riga General,"1,326.95","1,328.59","1,322.44",+2.89,+0.22%,12/04
Lebanon,BLOM Stock,"1,688.98","1,697.28","1,687.20",+1.78,+0.11%,09/04
Lebanon,BDL STOCK IX,"3,445.25","3,445.25","3,445.25",+113.92,+3.42%,27/06
Lebanon,Beirut Stock,39.62,39.62,35.15,+4.47,+12.73%,06:07:00
Lithuania,Vilnius SE General,962.48,962.48,962.48,+5.44,+0.57%,12/04
Malaysia,KLCI,"1,542.53","1,548.34","1,542.53",-8.51,-0.55%,05:05:00
Malaysia,Malaysia ACE,"4,996.47","5,071.16","4,972.05",-103.65,-2.03%,04:59:00
Malaysia,FTSE BM Mid 70,"16,159.85","16,329.08","16,159.85",-232.72,-1.42%,04:59:45
Malaysia,Malaysia Top 100,"11,239.06","11,290.74","11,239.06",-87.86,-0.78%,04:59:45
Malaysia,FTSE Malaysia,222.63,222.63,222.63,0.00,0.00%,12/04
Malta,MSE,"3,744.05","3,744.05","3,744.05",-1.99,-0.05%,12/04
Mauritius,Semdex,"2,144.83","2,144.83","2,144.83",+3.00,+0.14%,12/04
Mexico,FTSE BIVA Real Time Price,"1,157.57","1,162.44","1,156.20",-1.68,-0.14%,11:28:00
Mexico,S&P/BMV IPC,"56,399.27","56,709.12","56,382.37",-166.65,-0.29%,11:23:00
Mexico,S&P/BMV INMEX,"3,485.14","3,503.14","3,483.13",-7.90,-0.23%,11:23:00
Mexico,S&P/BMV IPC CompMx,469.55,471.75,469.35,-1.12,-0.24%,11:23:00
Mongolia,MNE Top 20,"41,420.71","41,420.71","41,420.71",-352.65,-0.85%,11:00:00
Montenegro,MNSE 10,"1,026.43","1,026.43","1,026.43",-6.11,-0.59%,10/03
Montenegro,MONEX,"14,802.43","14,802.43","14,802.43",0.00,0.00%,05/04
Morocco,Moroccan All Shares,"13,372.71","13,400.28","13,304.39",+31.43,+0.24%,10:32:58
Morocco,FTSE CSE Morocco 15,"12,454.42","12,487.41","12,381.18",+30.69,+0.25%,11:28:00
Morocco,FTSE CSE Morocco All-Liquid,"11,199.35","11,220.54","11,140.79",+24.40,+0.22%,11:28:00
Namibia,NSX,"1,555.8","1,562.0","1,543.1",-2.5,-0.16%,12/04
Namibia,NSX Local,678.3,678.7,674.4,+3.3,+0.49%,12/04
Netherlands,AEX,884.07,890.58,881.62,+0.62,+0.07%,11:35:45
Netherlands,AEX All Share,"1,203.57","1,220.23","1,200.02",+0.26,+0.02%,12/04
Netherlands,AMS Small Cap,"1,248.99","1,262.36","1,248.96",-4.79,-0.38%,12/04
Netherlands,AMX,935.33,950.48,933.95,-3.57,-0.38%,12/04
New Zealand,NZX 50,"11,916.78","11,931.32","11,790.86",-14.54,-0.12%,01:00:00
New Zealand,NZX MidCap,"5,048.88","5,091.82","5,032.63",-42.94,-0.84%,01:00:00
New Zealand,DJ New Zealand,326.91,327.46,323.43,-0.48,-0.15%,11:30:00
New Zealand,DJ New Zealand (USD),358.14,359.90,354.59,-1.70,-0.47%,11:30:00
New Zealand,NZX All,"1,776.02","1,778.58","1,758.03",-2.56,-0.14%,01:00:00
New Zealand,NZX SmallCap,"17,479.03","17,620.54","17,474.97",-141.51,-0.80%,01:00:00
Nigeria,NSE 30,"3,771.52","3,796.05","3,769.32",-24.53,-0.65%,09:30:00
Nigeria,NSE All Share,"101,778.47","102,367.97","101,744.88",-536.09,-0.52%,09:30:00
Norway,OSE Benchmark,"1,361.91","1,378.72","1,358.69",-14.26,-1.04%,10:25:45
Norway,Oslo OBX,"1,275.18","1,292.49","1,271.00",-13.17,-1.02%,10:25:45
Norway,OBX Price,605.45,613.67,603.46,-6.25,-1.02%,10:25:45
Norway,OMX Oslo 20,722.49,732.75,720.65,-8.76,-1.20%,10:25:25
Norway,Oslo All Share,"1,586.94","1,608.91","1,584.04",-19.85,-1.24%,10:25:45
Oman,MSM 30,"4,700.59","4,706.46","4,682.36",+3.78,+0.08%,14/04
Pakistan,Karachi 100,"70,608.88","70,608.88","69,914.11",+294.17,+0.42%,07:15:00
Pakistan,KMI All Shares,"32,932.29","32,932.29","32,585.67",+264.64,+0.81%,07:15:00
Pakistan,FTSE Pakistan,"1,051.52","1,051.52","1,051.52",+0.00,+0.00%,12/04
Pakistan,Karachi 30,"23,223.83","23,230.13","22,995.05",+91.54,+0.40%,07:15:00
Pakistan,Karachi All Share,"46,401.64","46,401.64","45,897.67",+359.66,+0.78%,07:15:00
Pakistan,Karachi Meezan 30,"118,787.45","118,787.45","117,566.12",+805.48,+0.68%,07:15:00
Palestinian Territory,Al-Quds,548.50,548.50,542.42,+0.32,+0.06%,06:59:00
Peru,S&P Lima General,"27,595.69","28,220.19","27,564.90",0.00,0.00%,12/04
Peru,S&P Lima Select,"33,306.80","33,857.64","33,282.92",0.00,0.00%,12/04
Peru,S&P Peru Select,707.62,726.62,707.02,0.00,0.00%,12/04
Philippines,PSEi Composite,"6,562.43","6,630.43","6,556.93",-96.96,-1.46%,02:50:00
Philippines,FTSE Philippines,599.29,599.29,599.29,0.00,0.00%,12/04
Philippines,PHS All Shares,"3,478.11","3,506.73","3,476.80",-39.29,-1.12%,02:50:00
Poland,WIG20,"2,453.31","2,475.35","2,447.33",+7.15,+0.29%,11:15:00
Poland,WIG30,"3,041.97","3,068.30","3,034.88",+11.85,+0.39%,11:15:00
Poland,mWIG40,"6,284.19","6,331.84","6,262.23",+48.00,+0.77%,11:15:00
Poland,sWIG80,"24,375.55","24,399.55","24,302.62",+77.06,+0.32%,11:15:00
Poland,WIG,"83,173.12","83,785.68","83,023.17",+308.45,+0.37%,11:15:00
Portugal,PSI,"6,268.88","6,345.71","6,263.85",-68.55,-1.08%,11:35:45
Portugal,PSI All Share GR,"4,229.45","4,270.39","4,191.48",+38.26,+0.91%,12/04
Qatar,QE General,"9,921.37","9,944.84","9,843.70",+77.01,+0.78%,06:10:00
Qatar,FTSE NASDAQ Qatar 10,"5,849.37","5,893.77","5,827.62",-44.40,-0.75%,06:14:00
Qatar,QE All Shares,"3,467.16","3,475.22","3,443.00",+23.57,+0.68%,06:10:00
Romania,BET,"16,882.42","17,084.69","16,872.21",-130.74,-0.77%,12/04
Romania,Bucharest BET-XT,"1,440.85","1,456.72","1,440.23",-10.89,-0.75%,12/04
Russia,MOEX,"3,474.68","3,476.98","3,454.06",+18.44,+0.53%,11:40:00
Russia,RTSI,"1,167.62","1,170.51","1,161.36",+2.09,+0.18%,11:40:00
Russia,MOEX 10,"6,626.75","6,634.38","6,588.24",+41.35,+0.63%,11:40:00
Russia,MOEX Blue Chip,"21,944.49","21,960.69","21,813.00",+95.61,+0.44%,11:40:00
Russia,Russian VIX,21.170,25.080,20.760,+0.530,+2.57%,11:43:46
Rwanda,Rwanda All Share,144.71,144.71,144.71,-0.20,-0.14%,12/04
Rwanda,Rwanda Share,110.34,110.34,110.34,0.00,0.00%,10/03
Saudi Arabia,MSCI TADAWUL 30,"1,610.23","1,627.69","1,609.69",-4.77,-0.30%,08:15:45
Saudi Arabia,Tadawul All Share,"12,708.34","12,812.13","12,640.44",+41.44,+0.33%,08:15:59
Saudi Arabia,NOMU Parallel Market Capped,"26,548.59","26,753.33","26,418.88",+158.48,+0.60%,08:15:56
Serbia,Belex 15,"1,000.46","1,014.92",997.76,-9.45,-0.94%,08:01:00
Singapore,STI Index,"3,183.61","3,196.08","3,175.41",-33.30,-1.04%,05:20:00
Singapore,FTSE Singapore,343.40,343.40,343.40,0.00,0.00%,12/04
Singapore,MSCI Singapore,292.59,294.74,292.58,-1.91,-0.65%,12/04
Slovakia,SAX,316.19,316.19,316.19,-0.00,0.00%,12/04
Slovenia,Blue-Chip SBITOP,"1,419.13","1,438.14","1,412.67",-19.55,-1.36%,09:13:40
South Africa,South Africa Top 40,"68,348.49","69,142.00","68,307.50",-860.45,-1.24%,10:59:59
South Africa,FTSE South Africa,"3,910.92","3,910.92","3,910.92",+6.34,+0.16%,12/04
South Africa,FTSE/JSE All Share,"74,518.63","75,175.66","74,460.55",-793.13,-1.05%,10:59:59
South Korea,KOSPI,"2,670.14","2,673.26","2,641.16",-11.68,-0.44%,02:30:30
South Korea,KOSPI 50,"2,530.81","2,534.52","2,498.54",-10.82,-0.43%,02:30:30
South Korea,FTSE Korea,413.08,413.08,413.08,0.00,0.00%,12/04
South Korea,KOSDAQ,852.42,854.51,842.84,-8.05,-0.94%,02:32:30
South Korea,KQ 100,"2,020.57","2,032.26","1,997.54",-17.27,-0.85%,02:30:30
South Korea,KOSPI 100,"2,753.42","2,757.23","2,720.70",-13.83,-0.50%,02:30:30
South Korea,KOSPI 200,365.26,365.74,361.01,-1.99,-0.54%,02:30:28
South Korea,KOSPI Large Sized,"2,677.78","2,681.87","2,646.76",-12.14,-0.45%,02:30:30
South Korea,KOSPI Medium Sized,"2,816.16","2,817.27","2,788.99",-10.98,-0.39%,02:30:30
South Korea,KOSPI Small Sized,"2,287.96","2,287.96","2,268.90",-5.34,-0.23%,02:30:30
South Korea,KRX 100,"5,688.39","5,696.65","5,622.87",-25.44,-0.45%,02:30:30
Spain,IBEX 35,"10,687.01","10,752.50","10,657.50",+1.01,+0.01%,11:34:58
Spain,FTSE Latibex  ,"2,482.40","2,483.60","2,472.10",-1.90,-0.08%,11:28:00
Spain,General Madrid,"1,057.12","1,064.06","1,055.53",-0.66,-0.06%,11:28:00
Spain,IBEX Medium Cap,"13,322.40","13,394.70","13,292.90",-46.00,-0.34%,11:28:00
Spain,IBEX Small Cap,"8,231.00","8,279.20","8,220.50",-44.90,-0.54%,11:27:00
Spain,VIBEX,14.00,14.00,14.00,+0.70,+5.26%,12/04
Sri Lanka,CSE All-Share,"12,006.20","12,047.47","11,931.22",-26.90,-0.22%,01:00:00
Sri Lanka,S&P Sri Lanka 20,"3,572.68","3,580.64","3,536.39",+25.85,+0.73%,10/04
Sweden,OMXS30,"2,523.40","2,548.28","2,517.25",+16.40,+0.65%,11:29:59
Sweden,OMX Nordic 40,"2,747.11","2,772.22","2,745.69",+8.08,+0.29%,11:29:59
Sweden,OMX Stockholm,951.58,960.77,950.18,+4.26,+0.45%,11:30:34
Sweden,OMX Stockholm Benchmark,804.16,812.01,802.69,+4.43,+0.55%,11:30:00
Sweden,OMX Stockholm Mid Cap,"1,513.01","1,523.18","1,512.05",-3.77,-0.25%,11:30:34
Sweden,OMX Stockholm Small Cap,"1,179.81","1,196.60","1,179.39",-17.15,-1.43%,11:30:34
Switzerland,SMI,"11,398.10","11,465.20","11,374.10",+18.52,+0.16%,11:35:00
Switzerland,FTSE Switzerland,594.66,594.66,594.66,0.00,0.00%,12/04
Switzerland,Swiss All Share Cumulative Dividend,"14,949.36","15,043.64","14,934.04",+24.57,+0.16%,11:27:00
Switzerland,Swiss Mid Price,"2,583.74","2,599.03","2,565.60",+17.06,+0.66%,11:28:00
Taiwan,Taiwan Weighted,"20,736.57","20,825.04","20,713.87",-16.65,-0.08%,12/04
Taiwan,TPEx 50,288.09,290.04,284.81,+3.70,+1.30%,12/04
Taiwan,MSCI Taiwan,818.68,823.77,818.07,-3.51,-0.43%,12/04
Taiwan,TPEx,256.43,257.71,255.00,+1.77,+0.69%,12/04
Taiwan,TSEC Taiwan 50,"16,280.59","16,389.84","16,262.13",-71.80,-0.44%,12/04
Tanzania,Tanzania All Share,"1,783.40","1,783.40","1,783.40",-1.57,-0.09%,12/04
Thailand,SET,"1,396.38","1,406.77","1,394.71",-11.79,-0.84%,11/04
Thailand,FTSE SET All-Share,"1,566.16","1,577.20","1,564.77",0.00,0.00%,11/04
Thailand,FTSE SET Large Cap,"1,480.98","1,494.45","1,478.71",0.00,0.00%,11/04
Thailand,FTSE SET Mid Cap,"1,871.65","1,883.47","1,867.79",0.00,0.00%,11/04
Thailand,FTSE SET Mid Small Cap,"1,950.90","1,962.76","1,947.62",0.00,0.00%,11/04
Thailand,FTSE SET Shariah,"1,118.60","1,130.78","1,118.51",0.00,0.00%,11/04
Thailand,MAI,400.08,403.34,399.47,-1.61,-0.40%,11/04
Thailand,SET 100,"1,902.50","1,918.99","1,899.86",-19.03,-0.99%,11/04
Thailand,SET 50,859.39,867.21,858.28,-8.92,-1.03%,11/04
Tunisia,Tunindex,"9,024.82","9,024.82","8,990.24",+12.26,+0.14%,08:59:00
Tunisia,Tunindex20,"4,023.97","4,025.39","4,010.80",+2.91,+0.07%,08:58:00
Türkiye,BIST 100,"9,679.80","9,823.53","9,679.80",-134.39,-1.37%,11:09:59
Türkiye,BIST 100-30,"17,958.40","18,178.27","17,891.86",-233.44,-1.28%,11:09:50
Türkiye,BIST 30,"10,448.67","10,614.76","10,448.67",-148.93,-1.41%,11:09:59
Türkiye,BIST 50,"8,553.94","8,690.96","8,553.94",-126.36,-1.46%,11:09:50
Türkiye,BIST All - 100,"34,938.70","35,000.28","34,072.25",+198.74,+0.57%,11:09:50
Türkiye,BIST All Shares,"11,235.25","11,363.21","11,201.51",-102.29,-0.90%,11:09:50
Uganda,Uganda All Share,"1,053.27","1,060.79","1,053.06",-6.89,-0.65%,12/04
Ukraine,PFTS,507.03,507.03,507.03,0.00,0.00%,03/03
United Arab Emirates,DFM General,"4,244.15","4,247.60","4,225.12",-2.52,-0.06%,05/04
United Arab Emirates,FTSE ADX General,"9,253.74","9,270.81","9,179.94",+16.48,+0.18%,07:05:00
United Kingdom,FTSE 100,"7,966.74","8,011.18","7,949.00",-28.84,-0.36%,11:34:58
United Kingdom,FTSE 350,"4,381.42","4,408.48","4,376.97",-17.11,-0.39%,11:28:51
United Kingdom,FTSE AIM 100,"3,621.05","3,656.68","3,621.00",-33.22,-0.91%,11:28:00
United Kingdom,FTSE 250,"19,706.43","19,839.72","19,679.45",-14.81,-0.08%,11:28:51
United Kingdom,UK 100,"1,293.0","1,300.7","1,290.8",-5.7,-0.44%,11:34:59
United States,Dow Jones,"38,095.70","38,386.81","38,041.26",+112.46,+0.30%,11:43:17
United States,Nasdaq 100,"18,020.49","18,152.08","17,994.33",+17.01,+0.09%,11:43:46
United States,Nasdaq,"16,171.98","16,295.27","16,144.75",-3.11,-0.02%,11:43:48
United States,S&P 500,"5,133.34","5,169.75","5,124.34",+9.93,+0.19%,11:43:50
United States,S&P 500 VIX,17.25,17.73,16.26,-0.06,-0.35%,11:43:31
United States,DJ Composite,"12,210.7","12,308.5","12,186.5",+31.8,+0.26%,11:43:17
United States,DJ Transportation,"15,561.1","15,686.8","15,513.0",+63.0,+0.41%,11:43:17
United States,DJ Utility,852.53,863.32,847.94,-2.38,-0.28%,11:43:17
United States,NYSE AMEX Composite,"4,890.3","5,017.0","4,882.3",0.0,0.00%,12/04
United States,NYSE Composite,"17,639.0","17,915.2","17,593.6",0.0,0.00%,12/04
United States,S&P 100,"2,437.00","2,453.65","2,433.74",+4.17,+0.17%,11:28:00
United States,Small Cap 2000,"1,991.90","2,019.55","1,985.30",-11.27,-0.56%,11:43:51
Venezuela,Bursatil,"61,239.20","61,515.54","60,547.92",+0.00,+0.00%,12/04
Vietnam,HNX 30,494.92,541.11,494.92,-42.59,-7.92%,01:00:00
Vietnam,VN 30,"1,227.90","1,287.46","1,227.90",-56.84,-4.42%,04:02:03
Vietnam,VNI,"1,216.61","1,281.81","1,216.61",-59.99,-4.70%,04:02:04
Vietnam,FTSE Vietnam,374.58,374.58,374.58,-19.74,-5.01%,05:44:00
Vietnam,FTSE Vietnam All,"1,256.57","1,256.57","1,256.57",+15.62,+1.26%,12/04
Vietnam,HNX,229.71,242.24,229.71,-11.62,-4.82%,03:59:00
Vietnam,VN100,"1,226.38","1,292.78","1,226.38",-63.07,-4.89%,04:02:03
Zambia,LSE All Share,"13,017.53","13,017.53","13,017.53",+3.34,+0.03%,12/04
Zambia,LSE EN,"2,572.26","2,572.26","2,572.26",+3.34,+0.13%,12/04
Zambia,LSE Inv,350.98,350.98,350.98,-0.00,0.00%,12/04
Zimbabwe,ZSE All Share,100.39,100.59,98.68,+1.71,+1.73%,12/04
Zimbabwe,ZSE Medium Cap,101.69,102.02,101.69,-0.05,-0.05%,12/04
Zimbabwe,ZSE Small Cap,100.00,100.00,100.00,0.00,0.00%,12/04
Zimbabwe,ZSE Top 10,99.71,99.84,97.22,+2.49,+2.56%,12/04
Zimbabwe,ZSE Top 15,99.64,99.85,97.48,+2.16,+2.22%,12/04
Zimbabwe,ZSE Top 25,100.09,100.33,98.12,+1.97,+2.01%,12/04
Zimbabwe,ZSE Industrials,100.00,100.00,100.00,0.00,0.00%,12/04
Zimbabwe,ZSE Mining,100.00,100.00,100.00,0.00,0.00%,12/04
